{
  "chart_type": "Bar",
  "chart_title_candidates": {},
  "y_axis_min_est": 1000.0,
  "y_axis_max_est": 1883000.0,
  "bars_raw": [
    [
      212.26760864257812,
      102.37544250488281,
      222.04440307617188,
      172.08612060546875
    ],
    [
      479.0352783203125,
      43.16012191772461,
      488.8577880859375,
      172.1560821533203
    ],
    [
      279.131103515625,
      91.29633331298828,
      289.0374450683594,
      172.03318786621094
    ],
    [
      112.17762756347656,
      118.50504302978516,
      122.08366394042969,
      172.02455139160156
    ],
    [
      312.3149719238281,
      78.56183624267578,
      322.037353515625,
      172.0941162109375
    ],
    [
      178.97494506835938,
      106.431884765625,
      188.61131286621094,
      172.1131134033203
    ],
    [
      79.17356872558594,
      123.36512756347656,
      88.37118530273438,
      172.0296173095703
    ],
    [
      412.9814147949219,
      51.179969787597656,
      422.274658203125,
      172.0680389404297
    ],
    [
      379.0834045410156,
      56.2545051574707,
      388.8526611328125,
      172.03880310058594
    ],
    [
      445.96612548828125,
      47.087764739990234,
      455.31756591796875,
      172.14132690429688
    ],
    [
      346.0233459472656,
      67.3281021118164,
      355.57781982421875,
      172.1541290283203
    ],
    [
      145.2145233154297,
      114.3968734741211,
      154.9192657470703,
      171.9947052001953
    ],
    [
      246.04364013671875,
      93.23893737792969,
      255.48428344726562,
      172.14163208007812
    ]
  ],
  "bars_summary": [
    {
      "bar_index": 0,
      "category": "OE",
      "label": "12",
      "color": "#efefef",
      "x1": 212.26760864257812,
      "y1_top": 102.37544250488281,
      "x2": 222.04440307617188,
      "y2_bottom": 172.08612060546875,
      "pixel_height": 69.71067810058594,
      "value": 1270399.33,
      "baseline_value": 1158848.59
    },
    {
      "bar_index": 1,
      "category": "1s",
      "label": "12",
      "color": "#efefef",
      "x1": 479.0352783203125,
      "y1_top": 43.16012191772461,
      "x2": 488.8577880859375,
      "y2_bottom": 172.1560821533203,
      "pixel_height": 128.9959602355957,
      "value": 1365155.44,
      "baseline_value": 1158736.63
    },
    {
      "bar_index": 2,
      "category": "OE",
      "label": "12",
      "color": "#efefef",
      "x1": 279.131103515625,
      "y1_top": 91.29633331298828,
      "x2": 289.0374450683594,
      "y2_bottom": 172.03318786621094,
      "pixel_height": 80.73685455322266,
      "value": 1288128.07,
      "baseline_value": 1158933.29
    },
    {
      "bar_index": 3,
      "category": "",
      "label": "12",
      "color": "#efefef",
      "x1": 112.17762756347656,
      "y1_top": 118.50504302978516,
      "x2": 122.08366394042969,
      "y2_bottom": 172.02455139160156,
      "pixel_height": 53.519508361816406,
      "value": 1244588.81,
      "baseline_value": 1158947.11
    },
    {
      "bar_index": 4,
      "category": "OE",
      "label": "12",
      "color": "#efefef",
      "x1": 312.3149719238281,
      "y1_top": 78.56183624267578,
      "x2": 322.037353515625,
      "y2_bottom": 172.0941162109375,
      "pixel_height": 93.53227996826172,
      "value": 1308505.76,
      "baseline_value": 1158835.79
    },
    {
      "bar_index": 5,
      "category": "",
      "label": "12",
      "color": "#efefef",
      "x1": 178.97494506835938,
      "y1_top": 106.431884765625,
      "x2": 188.61131286621094,
      "y2_bottom": 172.1131134033203,
      "pixel_height": 65.68122863769531,
      "value": 1263908.22,
      "baseline_value": 1158805.39
    },
    {
      "bar_index": 6,
      "category": "",
      "label": "12",
      "color": "#efefef",
      "x1": 79.17356872558594,
      "y1_top": 123.36512756347656,
      "x2": 88.37118530273438,
      "y2_bottom": 172.0296173095703,
      "pixel_height": 48.66448974609375,
      "value": 1236811.72,
      "baseline_value": 1158939.0
    },
    {
      "bar_index": 7,
      "category": "1s",
      "label": "12",
      "color": "#efefef",
      "x1": 412.9814147949219,
      "y1_top": 51.179969787597656,
      "x2": 422.274658203125,
      "y2_bottom": 172.0680389404297,
      "pixel_height": 120.88806915283203,
      "value": 1352322.11,
      "baseline_value": 1158877.52
    },
    {
      "bar_index": 8,
      "category": "1s",
      "label": "12",
      "color": "#efefef",
      "x1": 379.0834045410156,
      "y1_top": 56.2545051574707,
      "x2": 388.8526611328125,
      "y2_bottom": 172.03880310058594,
      "pixel_height": 115.78429794311523,
      "value": 1344201.86,
      "baseline_value": 1158924.3
    },
    {
      "bar_index": 9,
      "category": "1s",
      "label": "12",
      "color": "#efefef",
      "x1": 445.96612548828125,
      "y1_top": 47.087764739990234,
      "x2": 455.31756591796875,
      "y2_bottom": 172.14132690429688,
      "pixel_height": 125.05356216430664,
      "value": 1358870.44,
      "baseline_value": 1158760.24
    },
    {
      "bar_index": 10,
      "category": "11s",
      "label": "12",
      "color": "#efefef",
      "x1": 346.0233459472656,
      "y1_top": 67.3281021118164,
      "x2": 355.57781982421875,
      "y2_bottom": 172.1541290283203,
      "pixel_height": 104.8260269165039,
      "value": 1326481.94,
      "baseline_value": 1158739.76
    },
    {
      "bar_index": 11,
      "category": "",
      "label": "12",
      "color": "#efefef",
      "x1": 145.2145233154297,
      "y1_top": 114.3968734741211,
      "x2": 154.9192657470703,
      "y2_bottom": 171.9947052001953,
      "pixel_height": 57.59783172607422,
      "value": 1251162.68,
      "baseline_value": 1158994.87
    },
    {
      "bar_index": 12,
      "category": "OE",
      "label": "12",
      "color": "#efefef",
      "x1": 246.04364013671875,
      "y1_top": 93.23893737792969,
      "x2": 255.48428344726562,
      "y2_bottom": 172.14163208007812,
      "pixel_height": 78.90269470214844,
      "value": 1285019.53,
      "baseline_value": 1158759.76
    }
  ],
  "csv_path": "/Users/adarsh/Documents/GitHub/DeepRule-master/output_fixed/8a538808dbaf765b8ca378a1c89cbdef_d2ViLnRhaW5hbi5nb3YudHcJMTIyLjE0Ni4yMDUuMjQ4.xls-1-0_table.csv"
}