bar_index,category,label,color,x1,y1_top,x2,y2_bottom,pixel_height,value,baseline_value
0,pourlesdéplacements,ao,#8a8e91,333.7696533203125,347.59222412109375,403.6527404785156,529.9891967773438,182.39697265625,10.18,-0.01
1,pourlelogement,ao,#8a8e91,157.75575256347656,268.16796875,227.80865478515625,529.9599609375,261.7919921875,14.61,-0.01
2,pourau moins une,ao,#8a8e91,509.102294921875,133.0417022705078,578.789306640625,529.9002685546875,396.8585662841797,22.16,-0.0
3,pour,ao,#8a8e91,684.7583618164062,483.5940246582031,754.4447631835938,529.7645874023438,46.170562744140625,2.58,0.01
