{
  "8a2da1d1dcbc96b480bc98097f85309b_d3d3Lmdvdi51awkxNTEuMTAxLjUyLjE0NA==.xls-1-0.png": {
    "chart_type": "Bar",
    "chart_title_candidates": {
      "1": "eslon nesreeh Elsoraa"
    },
    "y_axis_min_est": 0.0,
    "y_axis_max_est": 8.0,
    "bars_raw": [
      [
        270.1414489746094,
        53.046592712402344,
        293.2151184082031,
        264.2162780761719
      ],
      [
        374.03192138671875,
        62.16326904296875,
        396.9371337890625,
        264.2224426269531
      ],
      [
        247.05377197265625,
        47.129066467285156,
        270.33135986328125,
        264.1986083984375
      ],
      [
        224.1114501953125,
        34.07054138183594,
        247.214599609375,
        264.23785400390625
      ],
      [
        97.01556396484375,
        94.30792236328125,
        120.11131286621094,
        264.26275634765625
      ],
      [
        465.96563720703125,
        100.1341552734375,
        489.0140075683594,
        264.23876953125
      ],
      [
        74.02352905273438,
        87.99788665771484,
        97.16091918945312,
        264.26092529296875
      ],
      [
        293.05035400390625,
        91.30547332763672,
        316.1465148925781,
        264.1669006347656
      ],
      [
        120.18167114257812,
        88.04867553710938,
        143.09982299804688,
        264.24957275390625
      ],
      [
        443.08319091796875,
        116.12818908691406,
        465.92547607421875,
        264.24505615234375
      ],
      [
        316.1341552734375,
        83.93394470214844,
        339.2874755859375,
        264.2633056640625
      ],
      [
        166.0117950439453,
        116.12547302246094,
        189.2943878173828,
        264.240478515625
      ],
      [
        397.0211486816406,
        72.12970733642578,
        420.0816650390625,
        264.36639404296875
      ],
      [
        143.12750244140625,
        135.12767028808594,
        166.09439086914062,
        264.21563720703125
      ],
      [
        420.1485290527344,
        72.02417755126953,
        443.0002746582031,
        264.28631591796875
      ]
    ],
    "bars_summary": [
      {
        "bar_index": 0,
        "category": "Hre:evenh",
        "label": "52",
        "color": "#ffffff",
        "x1": 270.1414489746094,
        "y1_top": 53.046592712402344,
        "x2": 293.2151184082031,
        "y2_bottom": 264.2162780761719,
        "pixel_height": 211.16968536376953,
        "value": 6.75,
        "baseline_value": -0.02
      },
      {
        "bar_index": 1,
        "category": "Ezero",
        "label": "52",
        "color": "#ffffff",
        "x1": 374.03192138671875,
        "y1_top": 62.16326904296875,
        "x2": 396.9371337890625,
        "y2_bottom": 264.2224426269531,
        "pixel_height": 202.05917358398438,
        "value": 6.45,
        "baseline_value": -0.02
      },
      {
        "bar_index": 2,
        "category": "Hre:evenh",
        "label": "52",
        "color": "#ffffff",
        "x1": 247.05377197265625,
        "y1_top": 47.129066467285156,
        "x2": 270.33135986328125,
        "y2_bottom": 264.1986083984375,
        "pixel_height": 217.06954193115234,
        "value": 6.94,
        "baseline_value": -0.02
      },
      {
        "bar_index": 3,
        "category": "Hre:evenh",
        "label": "52",
        "color": "#ffffff",
        "x1": 224.1114501953125,
        "y1_top": 34.07054138183594,
        "x2": 247.214599609375,
        "y2_bottom": 264.23785400390625,
        "pixel_height": 230.1673126220703,
        "value": 7.35,
        "baseline_value": -0.02
      },
      {
        "bar_index": 4,
        "category": "Reesoss",
        "label": "52",
        "color": "#ffffff",
        "x1": 97.01556396484375,
        "y1_top": 94.30792236328125,
        "x2": 120.11131286621094,
        "y2_bottom": 264.26275634765625,
        "pixel_height": 169.954833984375,
        "value": 5.42,
        "baseline_value": -0.02
      },
      {
        "bar_index": 5,
        "category": "Ezero",
        "label": "52",
        "color": "#ffffff",
        "x1": 465.96563720703125,
        "y1_top": 100.1341552734375,
        "x2": 489.0140075683594,
        "y2_bottom": 264.23876953125,
        "pixel_height": 164.1046142578125,
        "value": 5.24,
        "baseline_value": -0.02
      },
      {
        "bar_index": 6,
        "category": "Reesoss",
        "label": "52",
        "color": "#ffffff",
        "x1": 74.02352905273438,
        "y1_top": 87.99788665771484,
        "x2": 97.16091918945312,
        "y2_bottom": 264.26092529296875,
        "pixel_height": 176.2630386352539,
        "value": 5.63,
        "baseline_value": -0.02
      },
      {
        "bar_index": 7,
        "category": "Hre:evenh",
        "label": "52",
        "color": "#ffffff",
        "x1": 293.05035400390625,
        "y1_top": 91.30547332763672,
        "x2": 316.1465148925781,
        "y2_bottom": 264.1669006347656,
        "pixel_height": 172.8614273071289,
        "value": 5.52,
        "baseline_value": -0.01
      },
      {
        "bar_index": 8,
        "category": "Reesoss",
        "label": "52",
        "color": "#ffffff",
        "x1": 120.18167114257812,
        "y1_top": 88.04867553710938,
        "x2": 143.09982299804688,
        "y2_bottom": 264.24957275390625,
        "pixel_height": 176.20089721679688,
        "value": 5.62,
        "baseline_value": -0.02
      },
      {
        "bar_index": 9,
        "category": "Ezero",
        "label": "52",
        "color": "#ffffff",
        "x1": 443.08319091796875,
        "y1_top": 116.12818908691406,
        "x2": 465.92547607421875,
        "y2_bottom": 264.24505615234375,
        "pixel_height": 148.1168670654297,
        "value": 4.73,
        "baseline_value": -0.02
      },
      {
        "bar_index": 10,
        "category": "Hre:evenh",
        "label": "52",
        "color": "#ffffff",
        "x1": 316.1341552734375,
        "y1_top": 83.93394470214844,
        "x2": 339.2874755859375,
        "y2_bottom": 264.2633056640625,
        "pixel_height": 180.32936096191406,
        "value": 5.76,
        "baseline_value": -0.02
      },
      {
        "bar_index": 11,
        "category": "Reesoss",
        "label": "52",
        "color": "#ffffff",
        "x1": 166.0117950439453,
        "y1_top": 116.12547302246094,
        "x2": 189.2943878173828,
        "y2_bottom": 264.240478515625,
        "pixel_height": 148.11500549316406,
        "value": 4.73,
        "baseline_value": -0.02
      },
      {
        "bar_index": 12,
        "category": "Ezero",
        "label": "52",
        "color": "#ffffff",
        "x1": 397.0211486816406,
        "y1_top": 72.12970733642578,
        "x2": 420.0816650390625,
        "y2_bottom": 264.36639404296875,
        "pixel_height": 192.23668670654297,
        "value": 6.13,
        "baseline_value": -0.02
      },
      {
        "bar_index": 13,
        "category": "Reesoss",
        "label": "52",
        "color": "#ffffff",
        "x1": 143.12750244140625,
        "y1_top": 135.12767028808594,
        "x2": 166.09439086914062,
        "y2_bottom": 264.21563720703125,
        "pixel_height": 129.0879669189453,
        "value": 4.12,
        "baseline_value": -0.02
      },
      {
        "bar_index": 14,
        "category": "Ezero",
        "label": "52",
        "color": "#ffffff",
        "x1": 420.1485290527344,
        "y1_top": 72.02417755126953,
        "x2": 443.0002746582031,
        "y2_bottom": 264.28631591796875,
        "pixel_height": 192.26213836669922,
        "value": 6.14,
        "baseline_value": -0.02
      }
    ],
    "csv_path": "/Users/adarsh/Documents/GitHub/DeepRule-master/output_fixed/8a2da1d1dcbc96b480bc98097f85309b_d3d3Lmdvdi51awkxNTEuMTAxLjUyLjE0NA==.xls-1-0_table.csv"
  }
}