bar_index,category,label,color,x1,y1_top,x2,y2_bottom,pixel_height,value,baseline_value
0,ary,Military,#0f243f,161.21202087402344,184.78204345703125,238.45767211914062,404.83056640625,220.04852294921875,61.0,0.05
1,AirTransportMRO,Air,#ffc000,355.79217529296875,250.90936279296875,432.9987487792969,404.9847412109375,154.07537841796875,42.68,0.0
2,GeneralAviation,General,#953735,549.76025390625,382.7510681152344,627.5534057617188,404.9718322753906,22.22076416015625,6.16,0.01
