bar_index,category,label,color,x1,y1_top,x2,y2_bottom,pixel_height,value,baseline_value
0,,,#fcf305,177.7384033203125,108.46121215820312,197.81613159179688,196.4811248779297,88.01991271972656,38.32,34.42
1,,,#00ccff,258.43316650390625,156.27049255371094,276.8670959472656,196.20411682128906,39.933624267578125,36.2,34.43
2,,,#0000d4,240.720947265625,101.60690307617188,258.7467956542969,195.9693145751953,94.36241149902344,38.62,34.44
3,,,#006411,114.98838806152344,77.36412811279297,133.0436248779297,196.36888122558594,119.00475311279297,39.7,34.42
4,,,#1fb714,133.28460693359375,75.75770568847656,150.9270782470703,196.22402954101562,120.46632385253906,39.77,34.43
5,,,#dd0806,53.00221252441406,108.59381103515625,70.16454315185547,195.95138549804688,87.35757446289062,38.31,34.44
6,,,#ffff99,196.11605834960938,196.4424591064453,213.70326232910156,283.7659912109375,87.32353210449219,34.42,30.55
7,,,#ff99cc,69.77037048339844,192.77684020996094,88.3090591430664,268.8757019042969,76.09886169433594,34.58,31.21
